fallnummer;evaluation_score;evaluation_reasoning;steps;processing_time;tokens_in;tokens_out;total_tokens;estimated_cost_cents;token_step_breakdown;our_answer
BGH IX ZR 143/20 15.04.2021;10;"Die Antwort stimmt inhaltlich mit der Gold-Antwort und der BGH-Entscheidung (BGH, Urt. v. 15.04.2021 – IX ZR 143/20) überein. Zutreffend wird herausgearbeitet: (1) Der bloße Entwurf eines (auch gemeinschaftlichen) Testaments – selbst mit wechselbezüglichen Verfügungen – ist Beratungsleistung und keine nach außen gerichtete Tätigkeit i.S.d. Nr. 2300 VV RVG, sodass keine Geschäftsgebühr entsteht. (2) Ein gemeinschaftliches Testament ist kein Vertrag; die Ausnahme der Geschäftsgebühr für die Mitwirkung an Verträgen greift daher nicht. (3) Die dogmatische Begründung (Erfordernis der Außentätigkeit; Ausnahme nur bei Vertragsmitwirkung; §§ 1937, 2270, 2271 BGB) ist korrekt. (4) § 34 RVG als maßgebliche Grundlage und die Möglichkeit einer Vergütungsvereinbarung werden richtig dargestellt; die Revision bleibt ohne Erfolg. (5) Die konkrete Abrechnung (Beratungsgebühr nach § 34 Abs. 1 RVG, Verbraucherhöchstgrenze 250 € zzgl. 0,3-Mehrvertretungsgebühr nach Nr. 1008 VV RVG, Auslagenpauschale und USt) sowie der Rückforderungsbetrag von 3.293,92 € entsprechen der Entscheidung. Insgesamt ist die juristische Bewertung fehlerfrei und vollständig.";4;40.5;33363;1365;34728;4;"[{""step"": 1, ""mode"": ""research"", ""tokens_in"": 2261, ""tokens_out"": 244, ""total_tokens"": 2505, ""estimated_cost_cents"": 0}, {""step"": 2, ""mode"": ""research"", ""tokens_in"": 8062, ""tokens_out"": 97, ""total_tokens"": 8159, ""estimated_cost_cents"": 1}, {""step"": 3, ""mode"": ""research"", ""tokens_in"": 10076, ""tokens_out"": 53, ""total_tokens"": 10129, ""estimated_cost_cents"": 1}, {""step"": 4, ""mode"": ""research"", ""tokens_in"": 12964, ""tokens_out"": 971, ""total_tokens"": 13935, ""estimated_cost_cents"": 2}]";"**BGH, Urteil vom 15. April 2021 – IX ZR 143/20**

Der auftragsgemäße Entwurf eines gemeinschaftlichen Testaments ist auch dann keine die Geschäftsgebühr auslösende Tätigkeit, wenn wechselbezügliche Verfügungen der Auftraggeber vorgesehen sind. Die Revision des beklagten Rechtsanwalts bleibt ohne Erfolg; die Kläger können Rückgewähr des überzahlten Betrags verlangen.

**Kernaussagen der Entscheidung:**

1. **Keine Geschäftsgebühr für Testamentsentwurf:** Die auftragsgemäß auf den Entwurf eines Testaments beschränkte Tätigkeit eines Rechtsanwalts ist als Beratung und nicht als Betreiben eines Geschäfts zu vergüten. Die Ausrichtung der Tätigkeit nach außen ist zwingende Voraussetzung für das Entstehen einer Geschäftsgebühr nach Nr. 2300 VV RVG. Der Entwurf eines Testaments betrifft nur den Mandanten, der das Testament errichten will.

2. **Keine nach außen gerichtete Tätigkeit bei gemeinschaftlichem Testament:** Die Mitwirkung bei der Errichtung eines gemeinschaftlichen Testaments stellt kein Betreiben eines Geschäftes im Sinne einer nach außen gerichteten Tätigkeit dar. Sie betrifft nur die Eheleute, welche das Testament errichten – diese sind die Auftraggeber des Rechtsanwalts. Der Rechtsanwalt vertritt nicht die Interessen des einen gegenüber dem jeweils anderen Teil, was auch im Hinblick auf das Verbot widerstreitender Interessenvertretung (§ 43a Abs. 4 BRAO) bedenklich wäre. Eine Vertretung gegenüber außerhalb des Mandatsverhältnisses stehenden Dritten findet ebenfalls nicht statt.

3. **Gemeinschaftliches Testament ist kein Vertrag:** Ein gemeinschaftliches Testament ist kein Vertrag, auch dann nicht, wenn es wechselbezügliche Verfügungen (§§ 2270, 2271 BGB) enthält. Ein Testament wird durch eine einseitige, nicht empfangsbedürftige Erklärung errichtet (§ 1937 BGB). Wechselbezügliche Verfügungen werden durch einseitige Erklärungen beider Eheleute in Abhängigkeit gebracht, nicht jedoch durch Angebot und Annahme gemäß §§ 145 ff. BGB, die gegenüber dem jeweils anderen Teil zu erklären wären. Daran vermag auch die existenz wechselbezüglicher Verfügungen nichts zu ändern.

4. **Keine erweiternde Auslegung der Nr. 2300 VV RVG:** Eine erweiternde Auslegung über die in der Vorbemerkung 2.3 VV RVG genannten Fälle hinaus verbietet sich, weil die Mitwirkung an einer Vertragsgestaltung ohne Tätigkeit nach außen als zusätzliche Fallgruppe einer Geschäftsgebühr Ausnahmecharakter hat.

5. **§ 34 RVG ermöglicht angemessene Vergütung:** Auch § 34 RVG ermöglicht eine angemessene Vergütung. Der Rechtsanwalt kann dem Mandanten den Abschluss einer Gebührenvereinbarung vorschlagen, die eine angemessene Vergütung seines Aufwands vorsieht, und das Mandat ablehnen, wenn der Mandant hiermit nicht einverstanden ist. Nach der Konzeption des Gesetzes ist der Abschluss einer Gebührenvereinbarung gemäß § 34 Abs. 1 Satz 1 RVG die Regel; die Abrechnung nach bürgerlichem Recht (§ 34 Abs. 1 Satz 2 RVG, § 612 BGB) und die für Verbraucher geltenden Gebühren nach § 34 Abs. 1 Satz 3 RVG sind die Ausnahme.

6. **Abrechnung hier:** Der Beklagte durfte daher nur eine Beratungsgebühr gemäß § 34 Abs. 1 RVG (höchstens 250 €) zuzüglich einer Mehrgebühr von 0,3 gemäß Nr. 1008 VV RVG abrechnen, nicht aber eine Geschäftsgebühr nach Nr. 2300 VV RVG. Die Kläger haben Rückgewähr von 3.293,92 € nebst Zinsen zu Recht verlangt."
BAG, 22.07.2021, 2 AZR 193/21;10;Die Antwort trifft die Kernaussagen der Goldantwort vollständig und zutreffend: (1) Sie stellt klar, dass die (auch fingierte) Zustimmung des Integrationsamts – vorbehaltlich der Nichtigkeit – bis zu ihrer rechtskräftigen Aufhebung Wirksamkeit bzw. Tatbestandswirkung entfaltet und dass Widerspruch/Anfechtungsklage keine aufschiebende Wirkung haben (§ 171 Abs. 4 SGB IX). (2) Sie ordnet die Prüfungskompetenzen richtig zu: Die Arbeitsgerichte prüfen weder die Einhaltung der Antragsfrist des § 174 Abs. 2 SGB IX noch die Zweiwochenfrist des § 626 Abs. 2 BGB, sondern lediglich die Frist des § 174 Abs. 5 SGB IX. (3) Der Hinweis, dass ein nicht rechtskräftiger Abhilfebescheid die zuvor (fiktiv) erteilte Zustimmung im arbeitsgerichtlichen Verfahren nicht ‚beseitigt‘, entspricht der Goldantwort. Zusätzliche Verweise (Tatbestandswirkung, § 134 BGB i.V.m. § 168 SGB IX) sind rechtlich korrekt. Insgesamt ist die juristische Darstellung konsistent und deckungsgleich mit der Goldantwort.;8;66.6;54215;1232;55447;7;"[{""step"": 1, ""mode"": ""research"", ""tokens_in"": 2355, ""tokens_out"": 242, ""total_tokens"": 2597, ""estimated_cost_cents"": 0}, {""step"": 2, ""mode"": ""research"", ""tokens_in"": 5055, ""tokens_out"": 100, ""total_tokens"": 5155, ""estimated_cost_cents"": 1}, {""step"": 3, ""mode"": ""research"", ""tokens_in"": 5131, ""tokens_out"": 54, ""total_tokens"": 5185, ""estimated_cost_cents"": 1}, {""step"": 4, ""mode"": ""research"", ""tokens_in"": 5268, ""tokens_out"": 54, ""total_tokens"": 5322, ""estimated_cost_cents"": 1}, {""step"": 5, ""mode"": ""research"", ""tokens_in"": 8614, ""tokens_out"": 42, ""total_tokens"": 8656, ""estimated_cost_cents"": 1}, {""step"": 6, ""mode"": ""research"", ""tokens_in"": 9220, ""tokens_out"": 38, ""total_tokens"": 9258, ""estimated_cost_cents"": 1}, {""step"": 7, ""mode"": ""research"", ""tokens_in"": 9267, ""tokens_out"": 24, ""total_tokens"": 9291, ""estimated_cost_cents"": 1}, {""step"": 8, ""mode"": ""research"", ""tokens_in"": 9305, ""tokens_out"": 678, ""total_tokens"": 9983, ""estimated_cost_cents"": 1}]";"Ich habe die maßgebliche Entscheidung bereits vollständig gefunden. Hier ist die Antwort:

---

**BAG, Urteil vom 22. Juli 2021 – 2 AZR 193/21: Nicht rechtskräftige Aufhebung der Zustimmung des Integrationsamts zur außerordentlichen Kündigung**

1. **Fiktiv erteilte Zustimmung entfaltet Tatbestandswirkung:** Die gemäß § 174 Abs. 3 Satz 2 SGB IX durch Fristablauf fingierte Zustimmung des Integrationsamts hat Tatbestandswirkung. Die Arbeitsgerichte haben dieses Bestehen und diesen Inhalt ihren Entscheidungen zugrunde zu legen, selbst wenn der Verwaltungsakt rechtswidrig sein sollte, solange er nicht nichtig ist.

2. **Keine aufschiebende Wirkung von Widerspruch und Anfechtungsklage:** Nach § 171 Abs. 4 SGB IX haben Widerspruch und Anfechtungsklage gegen die Zustimmung des Integrationsamts keine aufschiebende Wirkung. Die einmal erteilte (auch fiktiv erteilte) Zustimmung wirkt daher – vorbehaltlich ihrer Nichtigkeit – so lange fort, wie sie nicht **rechtskräftig** aufgehoben ist.

3. **Nicht rechtskräftiger Abhilfebescheid unbeachtlich:** Ein noch nicht rechtskräftiger Abhilfebescheid des Integrationsamts, mit dem dieses die zuvor fingierte Zustimmung aufhebt und versagt, vermag die Wirksamkeit der Zustimmung nicht zu beseitigen. Solange die verwaltungsgerichtliche Klage des Arbeitgebers gegen den Abhilfebescheid noch anhängig ist, kann sich der Arbeitgeber weiterhin auf die Zustimmung berufen. Die Kündigung ist deshalb nicht nach § 134 BGB i.V.m. § 168 SGB IX nichtig.

4. **Keine Prüfungskompetenz der Arbeitsgerichte für § 174 Abs. 2 SGB IX:** Die Arbeitsgerichte haben keine Prüfungskompetenz, ob der Arbeitgeber die Frist des § 174 Abs. 2 SGB IX eingehalten hat; dies ist allein dem Verwaltungsrechtsweg zugewiesen. Ebenso wenig prüfen die Arbeitsgerichte die Frist des § 626 Abs. 2 BGB im Rahmen der Zustimmungsentscheidung, sondern allein die des § 174 Abs. 5 SGB IX.

5. **Ergebnis im vorliegenden Fall:** Das Landesarbeitsgericht durfte die Kündigung nicht allein deshalb für unwirksam halten, weil das Integrationsamt die Zustimmung im Abhilfebescheid versagt hatte. Die Revision der Beklagten hatte Erfolg; das Berufungsurteil wurde aufgehoben und die Sache zur neuen Verhandlung und Entscheidung zurückverwiesen, wobei insb. zu prüfen ist, ob ein wichtiger Grund i.S.d. § 626 BGB vorliegt und ob Personalrat sowie Schwerbehindertenvertretung ordnungsgemäß beteiligt wurden."
BAG, 19.05.2021, 5 AS 2/21;9;"Die Antwort trifft die Kernaussagen der Goldantwort juristisch zutreffend: Sie stellt richtig dar, dass der 5. Senat des BAG mit Beschluss vom 19.05.2021 – 5 AS 2/21 – seine frühere Aussage aus 5 AZR 195/11 nicht aufrechterhält und bestätigt, dass § 3 ArbZG (insb. die 10‑Stunden‑Grenze) neben § 21a Abs. 4 ArbZG für Fahrpersonal gilt. Ebenso korrekt ist, dass die Unionsrechtskonformität dieser Auslegung ausdrücklich offengelassen wurde. Positiv ist ferner der zutreffende Verweis auf die Gesetzesmaterialien (BT‑Drs. 16/1685), die die ergänzende Geltung des § 3 belegen. Geringe Abzüge: Die Passage, wonach Wortlaut und Systematik „eher“ für eine abschließende Regelung sprächen, gibt die Abwägung des BAG eher zugespitzt wieder; das BAG hat diese Argumente erörtert, aber nicht in dieser Tendenz gewichtet. Zudem sind die angeführten unionsrechtlichen Zweifel (medizinische Untersuchungen, Gleichbehandlung Selbständiger) spekulativ und so nicht tragend für den Beschluss. Insgesamt bleibt die rechtliche Aussage jedoch zutreffend und vollständig.";6;73.4;54487;2133;56620;8;"[{""step"": 1, ""mode"": ""research"", ""tokens_in"": 2410, ""tokens_out"": 295, ""total_tokens"": 2705, ""estimated_cost_cents"": 0}, {""step"": 2, ""mode"": ""research"", ""tokens_in"": 7173, ""tokens_out"": 227, ""total_tokens"": 7400, ""estimated_cost_cents"": 1}, {""step"": 3, ""mode"": ""research"", ""tokens_in"": 7304, ""tokens_out"": 103, ""total_tokens"": 7407, ""estimated_cost_cents"": 1}, {""step"": 4, ""mode"": ""research"", ""tokens_in"": 8669, ""tokens_out"": 52, ""total_tokens"": 8721, ""estimated_cost_cents"": 1}, {""step"": 5, ""mode"": ""research"", ""tokens_in"": 12347, ""tokens_out"": 52, ""total_tokens"": 12399, ""estimated_cost_cents"": 2}, {""step"": 6, ""mode"": ""research"", ""tokens_in"": 16584, ""tokens_out"": 1404, ""total_tokens"": 17988, ""estimated_cost_cents"": 3}]";"**Ergebnis:** Die werktägliche Höchstarbeitszeit von zehn Stunden gemäß § 3 Satz 2 ArbZG gilt nach nationalem Recht auch für Fahrpersonal iSd. § 21a Abs. 1 Satz 1 ArbZG; § 21a Abs. 4 ArbZG verdrängt § 3 ArbZG nicht, sondern ergänzt ihn.

**BAG, Beschluss vom 19.05.2021 – 5 AS 2/21** (Anfrageverfahren nach § 11 Abs. 3 RsprEinhG)

1. **Ausgangslage und Anlass:** Der Achte Senat des BVerwG wollte die Revision eines Verkehrsbetriebs gegen die Widerklage des Landes NRW auf Feststellung zurückweisen, dass § 3 ArbZG für Fahrpersonal neben § 21a Abs. 4 ArbZG gilt. Er sah sich jedoch durch das Urteil des BAG vom 18.04.2012 – 5 AZR 195/11 – Rn. 21 gehindert, in dem der Fünfte Senat ausgeführt hatte, eine kalendertägliche Betrachtungsweise sehe das ArbZG für Fahrer und Beifahrer nicht vor; die Grenzen des § 3 ArbZG seien in die wochenbezogenen Grenzwerte eingeflossen.

2. **Aufgabe der früheren Rechtsauffassung:** Der Fünfte Senat des BAG hält an der Rechtsauffassung im Urteil vom 18.04.2012 – 5 AZR 195/11 – insoweit nicht mehr fest. Soweit dieses Urteil dahingehend verstanden werden konnte, die werktägliche Höchstarbeitszeit von zehn Stunden gemäß § 3 Satz 2 ArbZG gelte für Fahrer iSd. § 21a Abs. 1 Satz 1 ArbZG nicht, wird diese Auffassung ausdrücklich aufgegeben.

3. **Wortlaut und Systematik** deuten eher auf eine abschließende Regelung durch § 21a Abs. 4 ArbZG hin: § 21a Abs. 4 ArbZG übernimmt wortlautgleich die wöchentliche Höchstarbeitszeit der RL 2002/15/EG; § 21a Abs. 1 Satz 2 ArbZG verweist auf die VO (EG) Nr. 561/2006 mit täglichen Lenkzeitbegrenzungen, was für einen Wechsel vom System der werktäglichen zur wöchentlichen Höchstarbeitszeit spricht. Auch Sinn und Zweck der Norm sowie Art. 10 RL 2002/15/EG zwingen nicht zur ergänzenden Geltung des § 3 ArbZG.

4. **Entscheidend sind die Gesetzesmaterialien:** Der Ausschuss für Verkehr, Bau und Stadtentwicklung hat in seiner Beschlussempfehlung vom 31.05.2006 (BT-Drs. 16/1685 S. 13) ausdrücklich ausgeführt: *„Absatz 4 regelt die wöchentliche Höchstarbeitszeit des Fahrpersonals **ergänzend zu § 3**. Neben der dort geregelten täglichen Höchstarbeitszeit darf die Höchstarbeitszeit pro Woche 48 Stunden nicht übersteigen.""* Da diese Beschlussempfehlung unverändert Gesetz wurde, entspricht die ergänzende Geltung des § 3 ArbZG neben § 21a Abs. 4 ArbZG dem klar erkennbaren Willen des Gesetzgebers und ist für das Auslegungsergebnis maßgebend. Auch die Bundesregierung geht davon aus, dass das Fahrpersonal die Vorschriften über die tägliche Arbeitszeit einhalten muss (BT-Drs. 17/2780 S. 2).

5. **Unionsrechtskonformität offen gelassen:** Ob § 21a Abs. 4 ArbZG in der Auslegung als nicht abschließende Regelung unionsrechtskonform ist, hat der Senat nicht entschieden. Es könnten sich Zweifel ergeben, ob eine zusätzliche tägliche Höchstgrenze eine iSd. Art. 10 RL 2002/15/EG „besser schützende"" Rechtsvorschrift darstellt, ohne dass medizinische Untersuchungen einen tatsächlich verbesserten Gesundheitsschutz belegen. Auch Gleichbehandlungsfragen gegenüber selbständigen Kraftfahrern bleiben offen."
BAG, 20.05.2021, 2 AZR 457/20;9;"Die Antwort ist juristisch weitgehend zutreffend und deckungsgleich mit der Goldantwort: Sie identifiziert das einschlägige BAG‑Urteil (20.05.2021 – 2 AZR 457/20), stellt korrekt heraus, dass die Prozessbeschäftigung keine Begründung eines zweiten Arbeitsverhältnisses darstellt, sondern eine auflösend bedingte Fortsetzung des ursprünglichen Arbeitsverhältnisses. Sie arbeitet den tragenden Rechtssatz heraus, dass der eigenmächtige Urlaubsantritt ‚an sich‘ einen wichtigen Grund iSv. § 626 BGB bildet, und begründet überzeugend, warum im konkreten Fall kein Selbstbeurlaubungsrecht bestand (fehlende Genehmigung, keine Reaktionszeit des AG, kein drohender Verfall). Auch die Ausführungen zur Entbehrlichkeit einer Abmahnung und zur Interessenabwägung entsprechen der BAG‑Rechtsprechung. Die Verweise auf § 158 Abs. 2 BGB sowie § 21 iVm § 14 Abs. 1 TzBfG für die auflösende Bedingung sind stimmig. Leicht spekulativ wirken einzelne Tatsachenbehauptungen (eingestandene Kenntnis der Bestandsgefährdung; Ordnungsgemäßheit der BR‑Anhörung), die für die rechtliche Kernaussage aber nicht tragend sind. Insgesamt ist die juristische Bewertung sehr korrekt und konsistent mit der Goldantwort.";5;54.6;44077;1914;45991;5;"[{""step"": 1, ""mode"": ""research"", ""tokens_in"": 2759, ""tokens_out"": 236, ""total_tokens"": 2995, ""estimated_cost_cents"": 0}, {""step"": 2, ""mode"": ""research"", ""tokens_in"": 7236, ""tokens_out"": 109, ""total_tokens"": 7345, ""estimated_cost_cents"": 1}, {""step"": 3, ""mode"": ""research"", ""tokens_in"": 7363, ""tokens_out"": 73, ""total_tokens"": 7436, ""estimated_cost_cents"": 1}, {""step"": 4, ""mode"": ""research"", ""tokens_in"": 11667, ""tokens_out"": 54, ""total_tokens"": 11721, ""estimated_cost_cents"": 1}, {""step"": 5, ""mode"": ""research"", ""tokens_in"": 15052, ""tokens_out"": 1442, ""total_tokens"": 16494, ""estimated_cost_cents"": 2}]";"Die Frage wird durch das Urteil des BAG vom 20.05.2021 – 2 AZR 457/20 – entschieden. Die außerordentliche fristlose Kündigung ist wirksam.

**Leitsatz:** Der eigenmächtige Antritt eines vom Arbeitgeber nicht gewährten Urlaubs durch den Arbeitnehmer ist bei einer Prozessbeschäftigung durch auflösend bedingte Fortsetzung des Arbeitsvertrags „an sich"" geeignet, einen wichtigen Grund zur außerordentlichen fristlosen Kündigung darzustellen.

Die tragenden Rechtssätze im Einzelnen:

1. **Kein zweites Arbeitsverhältnis:** Die Abrede vom 6. September 2018 über ein „Vertragliches Prozessarbeitsverhältnis"" begründete kein zweites, separates Arbeitsverhältnis neben dem gekündigten, sondern eine auflösend bedingte Fortsetzung des ursprünglichen Arbeitsverhältnisses iSv. § 158 Abs. 2 BGB, § 21 iVm. § 14 Abs. 1 TzBfG. Dafür spricht bereits der eindeutige Wortlaut von Ziff. 1 („auflösend bedingte Fortsetzung seines Arbeitsverhältnisses zu den bisherigen im Arbeitsvertrag vom 14.07.2014 geregelten Bedingungen""). Ein zweiter Arbeitsvertrag wäre auch nicht sachgerecht gewesen, da bei rechtskräftigem Obsiegen des Klägers mit der Kündigungsschutzklage sonst dauerhaft zwei inhaltsgleiche Arbeitsverträge nebeneinander bestünden.

2. **Selbstbeurlaubung als „an sich"" wichtiger Kündigungsgrund:** Bei einer auflösend bedingten Fortsetzung des gekündigten Arbeitsvertrags bestehen zwischen den Parteien dieselben Rechte und Pflichten wie in einem gekündigten, aber noch nicht beendeten Arbeitsverhältnis. Dies umfasst das Verbot der Selbstbeurlaubung nach § 611a Abs. 1 Satz 1 BGB, § 7 BUrlG. Der eigenmächtige Antritt eines nicht gewährten Urlaubs ist „an sich"" zur Begründung einer außerordentlichen fristlosen Kündigung geeignet (Anschlag an BAG, 16.03.2000 – 2 AZR 75/99; 20.01.1994 – 2 AZR 521/93).

3. **Kein Selbstbeurlaubungsrecht:** Dem Kläger stand kein Selbstbeurlaubungsrecht zu. Er hat die Prüfung seines Urlaubsantrags durch die Beklagte gerade vereitelt, indem er den Antrag am Freitagabend (23:17 Uhr) stellte und bereits am Montag der Arbeit fernblieb. Ein Selbstbeurlaubungsrecht käme allenfalls nach grundloser Ablehnung eines Urlaubsantrags oder übermäßig lange ausbleibender Reaktion des Arbeitgebers sowie drohendem Verfall von Urlaubsansprüchen in Betracht – keiner dieser Umstände lag vor.

4. **Kenntnis der Bestandsgefährdung / kein unverschuldeter Rechtsirrtum:** Der Kläger hat eingeräumt, ihm sei bewusst gewesen, eine unmittelbar bestandsgefährdende Pflichtverletzung zu begehen. Sein Irrtum, durch die Selbstbeurlaubung nur ein vermeintlich separates Prozessarbeitsverhältnis zu riskieren, verfängt nicht; eine sorgfältige Prüfung der Sach- und Rechtslage hätte angesichts der Eindeutigkeit der Vereinbarung vom 6. September 2018 ergeben, dass er sich in ein und demselben Arbeitsverhältnis befand.

5. **Abmahnung nicht erforderlich / Interessenabwägung zulasten des Klägers:** Wegen der Schwere und Vorsätzlichkeit der Pflichtverletzung bedurfte es keiner vorherigen Abmahnung. Die Interessenabwägung fällt zulasten des Klägers aus; der Umstand, dass es zur Pflichtverletzung nur im Rahmen eines Prozessarbeitsverhältnisses kommen konnte, ist nicht mildernd zu berücksichtigen, da die Vereinbarung eines Prozessarbeitsverhältnisses dem Arbeitnehmer gerade erhebliche Vorteile bietet (Entgeltfortzahlung im Krankheitsfall, Erwerb weiterer Urlaubsansprüche, längerer Bestand des Arbeitsverhältnisses). Auch ein widersprüchliches Verhalten der Beklagten scheidet aus: Dass sie an der Wirksamkeit der ersten Kündigung festhielt und gleichwohl einen rechtzeitigen Urlaubsantrag erwartete, ist mit dem Prozessarbeitsverhältnis vereinbar.

6. **Formale Anforderungen gewahrt:** Die zweiwöchige Kündigungserklärungsfrist des § 626 Abs. 2 BGB ist eingehalten; die Betriebsratsanhörung nach § 102 Abs. 1 BetrVG erfolgte ordnungsgemäß."
BAG, 20.05.2021, 2 AZR 560/20;9;"Die Antwort stimmt in den maßgeblichen Rechtsfragen weitgehend mit der Goldantwort und der BAG-Entscheidung (BAG 20.05.2021 – 2 AZR 560/20) überein. Sie gibt die Kriterien für den gemeinsamen Betrieb zutreffend wieder (einheitlicher Leitungsapparat, Kern der Arbeitgeberfunktionen im sozialen/personellen Bereich; bloße Zusammenarbeit genügt nicht) und wendet sie richtig auf den Sachverhalt an (getrennte Einsatzplanung, bloßer Austausch von Gewichten, bloße Personenidentität des Geschäftsführers nicht ausreichend). Dass damit die Schwelle des § 23 Abs. 1 KSchG nicht erreicht ist und das KSchG nicht anwendbar ist, ist rechtlich korrekt. Zum Maßregelungsverbot (§ 612a BGB) wird der richtige Prüfungsmaßstab wiedergegeben (Zulässige Rechtsausübung muss tragender Beweggrund sein; Unterscheidung zwischen Sanktion und Präventionsmotiv) und zutreffend verneint. Zum Entfernungsanspruch gegen Abmahnungen entspricht die Aussage dem Grundsatz, dass nach Beendigung des Arbeitsverhältnisses ein Rechtsschutzbedürfnis nur bei fortwirkender Beeinträchtigung besteht; insoweit ist die rechtliche Bewertung vertretbar. Ein kleiner Schönheitsfehler ist, dass die gesetzliche Vermutungsregel des § 1 Abs. 2 Nr. 1 BetrVG nicht ausdrücklich erwähnt wird, was aber die inhaltliche Richtigkeit nicht beeinträchtigt. Insgesamt juristisch stimmig.";9;66.9;84544;2263;86807;12;"[{""step"": 1, ""mode"": ""research"", ""tokens_in"": 2504, ""tokens_out"": 498, ""total_tokens"": 3002, ""estimated_cost_cents"": 1}, {""step"": 2, ""mode"": ""research"", ""tokens_in"": 6621, ""tokens_out"": 146, ""total_tokens"": 6767, ""estimated_cost_cents"": 1}, {""step"": 3, ""mode"": ""research"", ""tokens_in"": 6683, ""tokens_out"": 54, ""total_tokens"": 6737, ""estimated_cost_cents"": 1}, {""step"": 4, ""mode"": ""research"", ""tokens_in"": 7195, ""tokens_out"": 69, ""total_tokens"": 7264, ""estimated_cost_cents"": 1}, {""step"": 5, ""mode"": ""research"", ""tokens_in"": 7265, ""tokens_out"": 54, ""total_tokens"": 7319, ""estimated_cost_cents"": 1}, {""step"": 6, ""mode"": ""research"", ""tokens_in"": 8749, ""tokens_out"": 54, ""total_tokens"": 8803, ""estimated_cost_cents"": 1}, {""step"": 7, ""mode"": ""research"", ""tokens_in"": 11822, ""tokens_out"": 54, ""total_tokens"": 11876, ""estimated_cost_cents"": 1}, {""step"": 8, ""mode"": ""research"", ""tokens_in"": 15962, ""tokens_out"": 54, ""total_tokens"": 16016, ""estimated_cost_cents"": 2}, {""step"": 9, ""mode"": ""research"", ""tokens_in"": 17743, ""tokens_out"": 1280, ""total_tokens"": 19023, ""estimated_cost_cents"": 3}]";"Die Frage betrifft den Fall BAG, Urteil vom 20.05.2021 - 2 AZR 560/20. Die Kündigung ist wirksam und der Anspruch auf Entfernung der Abmahnungen besteht nicht.

1. **Keine Anwendbarkeit des KSchG:** Die Kündigung ist nicht am Maßstab des § 1 KSchG zu überprüfen, da die Beklagte zum Zeitpunkt des Kündigungszugangs nicht mehr als zehn Arbeitnehmer iSv. § 23 Abs. 1 Satz 3 KSchG beschäftigte. Ein gemeinsamer Betrieb der Beklagten mit der AS, der zur Erfüllung des Schwellenwerts führen könnte, liegt nicht vor.

2. **Voraussetzungen des gemeinsamen Betriebs:** Ein gemeinsamer Betrieb mehrerer Unternehmen setzt voraus, dass materielle und immaterielle Betriebsmittel zu arbeitstechnischen Zwecken zusammengefasst werden und der Einsatz der menschlichen Arbeitskraft von einem einheitlichen Leitungsapparat gesteuert wird. Der Kern der Arbeitgeberfunktionen im sozialen und personellen Bereich muss von derselben institutionellen Leitung ausgeübt werden; eine lediglich unternehmerische Zusammenarbeit genügt nicht.

3. **Fehlende einheitliche Leitung:** Die Personenidentität des Geschäftsführers beider Unternehmen ist allein nicht ausreichend für eine einheitliche Leitung im personellen und sozialen Bereich, sondern bedarf ergänzender Anhaltspunkte. Solche liegen nicht vor, wenn der Personaleinsatz nicht betriebsübergreifend gesteuert wird, sondern jedes Unternehmen seine Servicetechniker eigenständig einteilt und auch kein unternehmensübergreifender Einsatz wesentlicher Betriebsmittel zentral gesteuert wird (Austausch von Kalibrierungsgewichten genügt nicht).

4. **Kein Verstoß gegen das Maßregelungsverbot (§ 612a BGB):** Die Kündigung verstößt nicht gegen § 612a BGB. Eine Kündigung aus Anlass einer Krankmeldung ist nur dann eine unzulässige Maßregelung, wenn gerade das zulässige Fernbleiben von der Arbeit sanktioniert werden soll. Will der Arbeitgeber dagegen künftig zu erwartenden Betriebsablaufstörungen durch erneute Arbeitsunfähigkeit vorbeugen, ist die Krankmeldung lediglich äußerer Anlass, nicht aber tragender Beweggrund.

5. **Kein Anspruch auf Entfernung der Abmahnungen:** Der Klage auf Entfernung der Abmahnungen aus der Personalakte fehlt nach Beendigung des Arbeitsverhältnisses das Rechtsschutzbedürfnis, wenn keine Anhaltspunkte ersichtlich sind, dass die Abmahnungen dem Arbeitnehmer noch schaden könnten."
BAG, 28.04.2021, 10 AZR 404/18;9;"Die Antwort trifft die wesentlichen tragenden Rechtssätze der Entscheidung sehr genau: Sie ordnet den Fall zutreffend dem BAG-Urteil vom 28.04.2021 (10 AZR 404/18) zu, bejaht den betrieblichen Geltungsbereich über § 1 Abs. 2 Abschn. IV Nr. 4 VTV (Werkstatt für angeschlossenen Baubetrieb, mind. 1/4 der Arbeitszeit), legt den Begriff des „Zusammenschlusses“ zutreffend weit aus (keine bestimmte Rechtsform oder gesellschaftsrechtliche Verflechtung erforderlich), stellt den Schutzzweck der Norm richtig dar und bestätigt die Verfassungsmäßigkeit des SokaSiG unter Verweis auf BVerfG und BAG. Auch die prozessuale Einordnung (kein neuer Streitgegenstand bei Wechsel vom AVE-Geltungsgrund auf SokaSiG) ist korrekt. Die Ausführungen zu Verfall/Verjährung und Hemmung durch Mahnbescheid entsprechen im Ergebnis der BAG-Linie; die Kenntnis im November 2014 als Fristauslöser und die Wahrung durch den Mahnbescheid 2015 sind richtig wiedergegeben. Kleinere Ungenauigkeiten: Die Rollenverteilung von Herrn P (Geschäftsführer/Alleingesellschafter) ist vertauscht; zudem ist die genaue Fundstelle im SokaSiG (Anlagen-/Paragrafennennung) möglicherweise nicht punktgenau. Diese Punkte beeinträchtigen die juristische Kernaussage jedoch nur gering. Insgesamt ist die Antwort juristisch weitgehend korrekt und vollständig in den zentralen Wertungen.";7;90.7;60839;2271;63110;9;"[{""step"": 1, ""mode"": ""research"", ""tokens_in"": 2672, ""tokens_out"": 357, ""total_tokens"": 3029, ""estimated_cost_cents"": 0}, {""step"": 2, ""mode"": ""research"", ""tokens_in"": 5926, ""tokens_out"": 104, ""total_tokens"": 6030, ""estimated_cost_cents"": 1}, {""step"": 3, ""mode"": ""research"", ""tokens_in"": 6499, ""tokens_out"": 68, ""total_tokens"": 6567, ""estimated_cost_cents"": 1}, {""step"": 4, ""mode"": ""research"", ""tokens_in"": 6569, ""tokens_out"": 61, ""total_tokens"": 6630, ""estimated_cost_cents"": 1}, {""step"": 5, ""mode"": ""research"", ""tokens_in"": 9480, ""tokens_out"": 61, ""total_tokens"": 9541, ""estimated_cost_cents"": 1}, {""step"": 6, ""mode"": ""research"", ""tokens_in"": 13178, ""tokens_out"": 61, ""total_tokens"": 13239, ""estimated_cost_cents"": 2}, {""step"": 7, ""mode"": ""research"", ""tokens_in"": 16515, ""tokens_out"": 1559, ""total_tokens"": 18074, ""estimated_cost_cents"": 3}]";"Die Entscheidung erging durch das BAG am 28. April 2021 – 10 AZR 404/18. Der Klage auf Zahlung von Sozialkassenbeiträgen wurde stattgegeben; die Revision der Beklagten blieb erfolglos.

**Ergebnis:** Die Beklagte schuldet dem Kläger Sozialkassenbeiträge iHv. 8.976,00 Euro für den Zeitraum April bis November 2010. Der Werkstattbetrieb der Beklagten fällt in den betrieblichen Geltungsbereich des VTV 2009.

**Tragende Rechtssätze:**

1. **Rechtsgrundlage:** Die Beitragsansprüche ergeben sich aus § 7 Abs. 7 iVm. Anlage 32 SokaSiG, die den vollständigen Text des VTV 2009 enthält. Die Beitragspflicht folgt aus § 1 Abs. 1, Abs. 2 Abschn. IV Nr. 4, Abs. 3 Satz 1 Nr. 1 iVm. § 18 Abs. 1 Satz 1, § 21 Abs. 1 Satz 1 VTV 2009. Ob der VTV 2009 durch Allgemeinverbindlicherklärung oder nach § 7 SokaSiG gilt, betrifft denselben Streitgegenstand; eine Klageänderung liegt nicht vor.

2. **Werkstatt für angeschlossenen Baubetrieb iSv. § 1 Abs. 2 Abschn. IV Nr. 4 VTV 2009:** Die B GmbH unterhielt einen Baubetrieb. Indem die Beklagte in ihrer Werkstatt Reparaturen und Servicearbeiten an den Bohrgeräten der B GmbH verrichtete, betrieb sie „die Werkstatt"" für einen Betrieb des Baugewerbes. Mit 2.006,5 von 8.001 Arbeitsstunden entfiel mehr als ein Viertel der Werkstattstunden auf die B GmbH, womit die Beklagte „in nicht unerheblichem Umfang"" die Werkstatt für die B GmbH betrieb.

3. **Weite Auslegung des Begriffs „Zusammenschluss"":** Der Begriff ist bewusst weit und untechnisch gewählt („unbeschadet der gewählten Rechtsform""); ein Zusammenschluss muss weder vertraglich fixiert sein noch identi�äre Gesellschafter oder unmittelbare gesellschaftsrechtliche Verflechtungen zwischen den verbundenen Unternehmen voraussetzen. Es kommt auch nicht darauf an, ob die Betriebe zuvor ein einheitliches Unternehmen gebildet haben (Abspaltung nicht erforderlich). Die Zugehörigkeit zu einer gemeinsamen Unternehmensgruppe mit strategischem Auftreten als „ein Unternehmen"" und die Einflussnahme des Herrn P als Geschäftsführer der Beklagten und Alleingesellschafter der B GmbH (§§ 45 ff. GmbHG) begründen den Zusammenschluss.

4. **Schutzzweck der Norm:** § 1 Abs. 2 Abschn. IV Nr. 4 VTV 2009 bezweckt, den tarifvertraglichen Schutz auf Arbeitnehmer zu erstrecken, die ihre Arbeitskraft einem angeschlossenen Baubetrieb in nicht unerheblichem Umfang zur Verfügung stellen. Es kommt nicht darauf an, ob der Baubetrieb die nichtbaulichen Tätigkeiten in der Absicht übertragen hat, die Arbeitnehmer dem Schutz der Verfahrenstarifverträge zu entziehen. Dass die Beklagte keine Maschinen für die B GmbH vorhielt oder vermietete, ist unerheblich, da die Norm auch Werkstätten – nicht nur Bauhöfe – erfasst.

5. **Keine Verjährung:** Verfall und Verjährung richten sich nach § 24 Abs. 1 und 4 VTV 2009 (vier Jahre; § 199 BGB anwendbar). Der Kläger erlangte Kenntnis iSv. § 199 Abs. 1 Nr. 2 BGB erst am 25. November 2014; die Fristen begannen mit Abschluss des Jahres 2014 und endeten am 31. Dezember 2018. Der am 24. März 2015 zugestellte Mahnbescheid wahrt die Fristen (§ 204 Abs. 1 Nr. 3 BGB, § 24 Abs. 1 Satz 3 VTV 2009). Dass der Kläger den Geltungsgrund zunächst auf die Allgemeinverbindlicherklärung und erst in der Berufung auf das SokaSiG gestützt hat, steht der Hemmungswirkung nicht entgegen.

6. **Verfassungsmäßigkeit des SokaSiG:** Das SokaSiG als Geltungsgrund für den VTV 2009 ist verfassungsgemäß (BVerfG 11. August 2020 – 1 BvR 2654/17; BAG 17. Juni 2020 – 10 AZR 464/18)."
BAG, 27.04.2021, 2 AZR 540/20;10;"Die Antwort entspricht inhaltlich der Goldantwort und der einschlägigen BAG‑Rechtsprechung (insb. BAG, 27.04.2021 – 2 AZR 540/20; BAG, 11.06.2020 – 2 AZR 374/19). Sie stellt zutreffend dar, dass § 14 Abs. 1 Nr. 1 KSchG eine auf den Ersten Abschnitt beschränkte negative Fiktion enthält und daher für die Schwellenwertberechnung des § 23 Abs. 1 Satz 3 KSchG nicht maßgeblich ist, zugleich aber kein Wertungswiderspruch besteht. Richtig ist ferner, dass Fremdgeschäftsführer grundsätzlich keine Arbeitnehmer i.S.d. § 611a BGB sind und nur in engsten Ausnahmefällen als solche in Betracht kommen; folglich werden sie bei § 23 KSchG nur gezählt, wenn ausnahmsweise ein Arbeitsverhältnis vorliegt, was der Kläger darlegen und beweisen muss. Ebenfalls zutreffend ist, dass das allgemeine Kündigungsschutzrecht nicht unionsrechtlich determiniert ist, der unionsrechtliche Arbeitnehmerbegriff daher nicht greift, sozialversicherungsrechtliche Einordnungen unerheblich sind und eine verfassungsrechtlich gebotene generelle Einbeziehung von Fremdgeschäftsführern in § 23 Abs. 1 S. 3 KSchG nicht besteht. Das Ergebnis (KSchG nicht anwendbar bei 8,5 Arbeitnehmern mangels Mitzählens der Fremdgeschäftsführer) ist rechtlich korrekt. Es sind keine inhaltlichen Fehler erkennbar.";8;51.0;54638;1685;56323;8;"[{""step"": 1, ""mode"": ""research"", ""tokens_in"": 2059, ""tokens_out"": 261, ""total_tokens"": 2320, ""estimated_cost_cents"": 0}, {""step"": 2, ""mode"": ""research"", ""tokens_in"": 5110, ""tokens_out"": 132, ""total_tokens"": 5242, ""estimated_cost_cents"": 1}, {""step"": 3, ""mode"": ""research"", ""tokens_in"": 5257, ""tokens_out"": 66, ""total_tokens"": 5323, ""estimated_cost_cents"": 1}, {""step"": 4, ""mode"": ""research"", ""tokens_in"": 5327, ""tokens_out"": 54, ""total_tokens"": 5381, ""estimated_cost_cents"": 1}, {""step"": 5, ""mode"": ""research"", ""tokens_in"": 5716, ""tokens_out"": 70, ""total_tokens"": 5786, ""estimated_cost_cents"": 1}, {""step"": 6, ""mode"": ""research"", ""tokens_in"": 7208, ""tokens_out"": 54, ""total_tokens"": 7262, ""estimated_cost_cents"": 1}, {""step"": 7, ""mode"": ""research"", ""tokens_in"": 9966, ""tokens_out"": 54, ""total_tokens"": 10020, ""estimated_cost_cents"": 1}, {""step"": 8, ""mode"": ""research"", ""tokens_in"": 13995, ""tokens_out"": 994, ""total_tokens"": 14989, ""estimated_cost_cents"": 2}]";"Ich habe nun die vollständige Entscheidung gefunden. Hier ist die Antwort:

---

**BAG, Urteil vom 27. April 2021 – 2 AZR 540/20**

Die Kündigung ist wirksam und hat das Arbeitsverhältnis aufgelöst. Das Kündigungsschutzgesetz findet auf das Arbeitsverhältnis keine Anwendung, da die Beklagte im Kündigungszeitpunkt nicht mehr als 10 Arbeitnehmer iSd. § 23 Abs. 1 Satz 3 KSchG beschäftigte. Die Kündigung bedurfte danach keiner sozialen Rechtfertigung nach § 1 Abs. 2 KSchG.

**Die tragenden Rechtssätze:**

1. **§ 14 Abs. 1 Nr. 1 KSchG ist auf § 23 Abs. 1 Satz 3 KSchG nicht anwendbar**: Die in § 14 Abs. 1 Nr. 1 KSchG normierte negative Fiktion (Organmitglieder gelten nicht als Arbeitnehmer des Ersten Abschnitts des KSchG) ist nach dem Gesetzeswortlaut ausdrücklich nur auf den Ersten Abschnitt (§§ 1 bis 14 KSchG) beschränkt und daher nicht auf die im Vierten Abschnitt befindliche Vorschrift des § 23 Abs. 1 Satz 3 KSchG übertragbar. Eine analoge Anwendung scheidet mangels planwidriger Regelungslücke aus.

2. **Kein Wertungswiderspruch zwischen § 14 Abs. 1 Nr. 1 und § 23 Abs. 1 Satz 3 KSchG**: Dass ein Fremdgeschäftsführer nach § 14 Abs. 1 Nr. 1 KSchG keinen Kündigungsschutz genießt, ihn aber gleichwohl bei der Arbeitnehmerzahl nach § 23 Abs. 1 Satz 3 KSchG mitzuzählen wäre, sofern er Arbeitnehmer iSd. allgemeinen Arbeitnehmerbegriffs ist, stellt keinen Wertungswiderspruch dar. Dies entspricht dem gesetzgeberischen Konzept, das zwischen persönlichem und betrieblichem Geltungsbereich unterscheidet – vergleichbar Arbeitnehmern in der Wartezeit des § 1 Abs. 1 KSchG, die ebenfalls keinen Kündigungsschutz haben, aber mitgezählt werden.

3. **Fremdgeschäftsführer sind grundsätzlich keine Arbeitnehmer iSd. § 23 Abs. 1 Satz 3 KSchG**: Ein GmbH-Geschäftsführer wird in aller Regel auf der Grundlage eines freien Dienstvertrags, nicht eines Arbeitsvertrags tätig. Eine Weisungsgebundenheit, die auf Arbeitnehmereigenschaft schließen ließe, kommt allenfalls in extremen Ausnahmefällen in Betracht (nämlich wenn die Gesellschaft eine über ihr gesellschaftsrechtliches Weisungsrecht hinausgehende Weisungsbefugnis bezüglich der Umstände der Leistungserbringung hat).

4. **Darlegungs- und Beweislast**: Den Kläger trifft die Darlegungs- und Beweislast für das Überschreiten des Schwellenwerts. Er hat hier weder den Beschäftigungsumfang der Fremdgeschäftsführer noch behauptet, dass diese aufgrund eines Arbeitsvertrags iSd. § 611a Abs. 1 BGB beschäftigt wären.

5. **Unionsrechtlicher Arbeitnehmerbegriff nicht anwendbar**: Auf § 23 Abs. 1 Satz 3 KSchG ist der nationale Arbeitnehmerbegriff des § 611a BGB anzuwenden, nicht der unionsrechtliche Arbeitnehmerbegriff, da das allgemeine Kündigungsschutzrecht nicht unionsrechtlich determiniert ist. Die Sozialversicherungspflicht der Fremdgeschäftsführer nach § 7 Abs. 1 SGB IV ist für den Arbeitnehmerbegriff im KSchG ohne Bedeutung; die Begriffe „Beschäftigungsverhältnis"" und „Arbeitsverhältnis"" sind nicht identisch.

6. **Verfassungsrechtliche Unbedenklichkeit**: Eine generelle Ausdehnung des Arbeitnehmerbegriffs auf Fremdgeschäftsführer ist verfassungsrechtlich nicht geboten. Fremdgeschäftsführer repräsentieren die juristische Person unmittelbar als Arbeitgeber; ihre Dienste sind nach sozialer Typik nicht mit denen eines Arbeitnehmers vergleichbar."
BAG, 27.04.2021, 2 AZR 342/20;9;Die Antwort gibt die tragenden rechtlichen Aussagen der Goldantwort zutreffend wieder: Sie stellt korrekt heraus, dass ein pauschaler Antrag auf Überlassung einer Kopie von E‑Mails nach Art. 15 Abs. 3 DSGVO wegen fehlender Bestimmtheit i.S.v. § 253 Abs. 2 Nr. 2 ZPO unzulässig ist, dass die bloße Wiederholung des Wortlauts des Art. 15 Abs. 3 DSGVO nicht genügt und dass dies unionsrechtlich (Äquivalenz- und Effektivitätsgrundsatz) unbedenklich ist. Zutreffend ist auch der Hinweis auf die Stufenklage als sachgerechten Weg sowie darauf, dass der sachliche Umfang des Kopieanspruchs (insbes. bzgl. sämtlicher E-Mails) offen gelassen wurde. Geringe Abzüge ergeben sich lediglich daraus, dass der in der Goldantwort enthaltene Aspekt zur Bestimmung des Umfangs der Revisionsanfechtung (§ 133 BGB) und die sehr allgemeinen Maßstäbe zur Bestimmtheit von Klageanträgen (u.a. Reichweite der Rechtskraft, Vollstreckungsfähigkeit) nicht eigens aufgegriffen werden. Materiell-rechtlich und prozessrechtlich ist die Antwort ansonsten korrekt.;6;39.4;41079;1307;42386;6;"[{""step"": 1, ""mode"": ""research"", ""tokens_in"": 2091, ""tokens_out"": 145, ""total_tokens"": 2236, ""estimated_cost_cents"": 0}, {""step"": 2, ""mode"": ""research"", ""tokens_in"": 6636, ""tokens_out"": 157, ""total_tokens"": 6793, ""estimated_cost_cents"": 1}, {""step"": 3, ""mode"": ""research"", ""tokens_in"": 6705, ""tokens_out"": 61, ""total_tokens"": 6766, ""estimated_cost_cents"": 1}, {""step"": 4, ""mode"": ""research"", ""tokens_in"": 7088, ""tokens_out"": 54, ""total_tokens"": 7142, ""estimated_cost_cents"": 1}, {""step"": 5, ""mode"": ""research"", ""tokens_in"": 7223, ""tokens_out"": 54, ""total_tokens"": 7277, ""estimated_cost_cents"": 1}, {""step"": 6, ""mode"": ""research"", ""tokens_in"": 11336, ""tokens_out"": 836, ""total_tokens"": 12172, ""estimated_cost_cents"": 2}]";"Ich habe das maßgebliche Urteil gefunden. Hier ist die Antwort:

---

**BAG, Urteil vom 27.04.2021 – 2 AZR 342/20: Überlassung einer Datenkopie – Bestimmtheit des Klageantrags**

Ein Klageantrag auf Überlassung einer Kopie von E-Mails nach Art. 15 Abs. 3 DSGVO ist nicht hinreichend bestimmt iSv. § 253 Abs. 2 Nr. 2 ZPO, wenn die E-Mails nicht so genau bezeichnet sind, dass im Vollstreckungsverfahren unzweifelhaft ist, auf welche E-Mails sich die Verurteilung bezieht.

**Kernaussagen:**

1. **Bestimmtheitsmangel bei abstraktem E-Mail-Begehren:** Eine bloß abstrakte Nennung von Kategorien von E-Mails – zB E-Mails von oder an die dienstliche E-Mail-Adresse des Klägers sowie E-Mails, in denen er namentlich erwähnt wird – genügt nicht den Anforderungen des § 253 Abs. 2 Nr. 2 ZPO. Bei einer Verurteilung wäre unklar, auf welche konkreten E-Mails sich die Verurteilung bezöge und ob mit der Überlassung in diese Kategorien fallender E-Mails der Anspruch erfüllt wäre.

2. **Wortlautwiederholung des Art. 15 Abs. 3 DSGVO reicht nicht aus:** Die bloße Wiederholung des Wortlauts von Art. 15 Abs. 3 Satz 1 DSGVO im Klageantrag lässt nicht erkennen, von welchen personenbezogenen Daten eine Kopie verlangt wird, zumal wenn – wie hier – streitig ist, welches die vom Verantwortlichen verarbeiteten personenbezogenen Daten sind.

3. **Stufenklage als gebotener Weg:** Der Kläger ist, soweit er selbst zu einer genaueren Bezeichnung außer Stande ist, gehalten, sein Begehren mittels Stufenklage nach § 254 ZPO durchzusetzen. Diese ist zunächst auf Erteilung einer Auskunft zu richten, welche E-Mails der fraglichen Kategorien die Beklagte verarbeitet; auf der zweiten Stufe ggf. auf eidesstattliche Versicherung der Richtigkeit und Vollständigkeit der Auskunft; und schließlich auf Überlassung einer Kopie der sich aus der Auskunft ergebenden E-Mails.

4. **Effektivitätsgrundsatz nicht verletzt:** Der Verweis auf die Stufenklage nimmt dem unionsrechtlichen Anspruch nach Art. 15 Abs. 3 Satz 1 DSGVO nicht die praktische Wirksamkeit, sondern sichert diese vielmehr. Ohne nähere Bestimmung wäre ein erwirkter Titel nicht vollstreckbar. Im Rahmen der Stufenklage stehen dem Kläger dagegen bereits im Erkenntnisverfahren sowohl die Möglichkeit der eidesstattlichen Versicherung als auch die Stellung eines entsprechend der Auskunft hinreichend bestimmten Leistungsantrags offen.

5. **Offenlassung des sachlichen Umfangs des Kopieanspruchs:** Das BAG hat ausdrücklich offen gelassen, ob sich das Recht nach Art. 15 Abs. 3 Satz 1 DSGVO überhaupt darauf erstreckt, eine Kopie sämtlicher E-Mails zu verlangen, die an die oder von der dienstlichen E-Mail-Adresse der betroffenen Person gesendet wurden oder die diese namentlich erwähnen. Die Abgrenzung zwischen personenbezogenen Daten und Dokumenten/Dateien, in denen solche Daten enthalten sind (vgl. EuGH, C-141/12 ua. – Y.S.; C-434/16 – Nowak), bedarf unter Geltung der DSGVO keiner Entscheidung."
BAG, 27.04.2021, 9 AZR 662/19;8;"Die Antwort trifft den Kern der Gold-Antwort: Ein Anspruch kann aus dem arbeitsrechtlichen Gleichbehandlungsgrundsatz folgen, wenn der Arbeitgeber anderen vergleichbaren Arbeitnehmern die Tätigkeitsbeschreibung (und damit die Zulassung als Syndikusrechtsanwalt) ermöglicht hat. Sie gibt den Maßstab (unsachliche/willkürliche Kriterien unzulässig) zutreffend wieder und grenzt einen Anspruch aus § 241 Abs. 2 BGB überzeugend ab; die Heranziehung der negativen Meinungsfreiheit ist in diesem Kontext zutreffend. Auch der prozessuale Ausgang (Aufhebung und Zurückverweisung bei unzureichender tatrichterlicher Prüfung von Vergleichbarkeit und Sachgründen) ist richtig. Leichte Abstriche: (1) Die Darstellung des Gleichbehandlungsgrundsatzes wirkt etwas verengt auf „selbst gegebene Regelungen“, während die Gold-Antwort ausdrücklich betont, dass der Grundsatz auch bei Gewährung nach Gutdünken ohne erkennbares generalisierendes Prinzip gilt. (2) Der betriebsübergreifende Anwendungsbereich wird nicht thematisiert, obwohl er in der Gold-Antwort zentral ist. (3) Die Qualifizierung der geforderten Erklärung als „Willenserklärung“ ist dogmatisch ungenau (es handelt sich eher um eine Wissenserklärung/Bescheinigung). Insgesamt ist die Antwort aber juristisch weitgehend korrekt und im Ergebnis mit der Gold-Antwort vereinbar.";11;449.7;162145;4103;166248;20;"[{""step"": 1, ""mode"": ""research"", ""tokens_in"": 2352, ""tokens_out"": 227, ""total_tokens"": 2579, ""estimated_cost_cents"": 0}, {""step"": 2, ""mode"": ""research"", ""tokens_in"": 6624, ""tokens_out"": 107, ""total_tokens"": 6731, ""estimated_cost_cents"": 1}, {""step"": 3, ""mode"": ""research"", ""tokens_in"": 6699, ""tokens_out"": 89, ""total_tokens"": 6788, ""estimated_cost_cents"": 1}, {""step"": 4, ""mode"": ""research"", ""tokens_in"": 10386, ""tokens_out"": 228, ""total_tokens"": 10614, ""estimated_cost_cents"": 1}, {""step"": 5, ""mode"": ""research"", ""tokens_in"": 17074, ""tokens_out"": 43, ""total_tokens"": 17117, ""estimated_cost_cents"": 2}, {""step"": 6, ""mode"": ""research"", ""tokens_in"": 17384, ""tokens_out"": 61, ""total_tokens"": 17445, ""estimated_cost_cents"": 2}, {""step"": 7, ""mode"": ""research"", ""tokens_in"": 19929, ""tokens_out"": 43, ""total_tokens"": 19972, ""estimated_cost_cents"": 2}, {""step"": 8, ""mode"": ""research"", ""tokens_in"": 20374, ""tokens_out"": 43, ""total_tokens"": 20417, ""estimated_cost_cents"": 2}, {""step"": 9, ""mode"": ""research"", ""tokens_in"": 20168, ""tokens_out"": 599, ""total_tokens"": 20767, ""estimated_cost_cents"": 3}, {""step"": 10, ""mode"": ""research"", ""tokens_in"": 20551, ""tokens_out"": 43, ""total_tokens"": 20594, ""estimated_cost_cents"": 2}, {""step"": 11, ""mode"": ""research"", ""tokens_in"": 20604, ""tokens_out"": 2620, ""total_tokens"": 23224, ""estimated_cost_cents"": 4}]";"Der Kläger kann die Erteilung der Tätigkeitsbeschreibung für die Zulassung als Syndikusrechtsanwalt unter bestimmten Voraussetzungen aus dem arbeitsrechtlichen Gleichbehandlungsgrundsatz verlangen; ein Anspruch aus der vertraglichen Rücksichtnahmepflicht besteht hingegen nicht.

1. Ein Anspruch auf Abgabe einer Willenserklärung – wie hier die Unterzeichnung der Tätigkeitsbeschreibung für die Rechtsanwaltskammer – kann sich aus dem arbeitsrechtlichen Gleichbehandlungsgrundsatz ergeben (BAG, Urteil vom 25. März 2021 – 6 AZR 41/20).

2. Der Gleichbehandlungsgrundsatz gebietet dem Arbeitgeber, Arbeitnehmer oder Gruppen von Arbeitnehmern, die sich in vergleichbarer Lage befinden, bei Anwendung einer selbst gegebenen Regelung gleich zu behandeln. Er untersagt es, unterschiedliche Behandlung an unsachliche, willkürliche oder nicht bestimmbare Kriterien anzuknüpfen.

3. Ermöglicht die Gewerkschaft anderen Gewerkschaftssekretären mit Rechtsschutzaufgaben die Zulassung als Syndikusrechtsanwalt durch Erteilung entsprechender Tätigkeitsbeschreibungen, begründet dies eine selbst gegebene Regelung im Sinne des Gleichbehandlungsgrundsatzes, an die der Arbeitgeber den Kläger gleichbehandelt verlangen kann.

4. Ein Anspruch auf Erteilung der Tätigkeitsbeschreibung lässt sich hingegen nicht auf die vertragliche Rücksichtnahmepflicht aus § 241 Abs. 2 BGB stützen. Diese Pflicht verlangt vom Arbeitgeber nicht, die Belange des Arbeitnehmers unter Hintanstellung eigener schutzwürdiger Belange durchzusetzen. Der Arbeitgeber ist insbesondere nicht verpflichtet, gegenüber Dritten die fachliche Unabhängigkeit des Arbeitnehmers zu bestätigen und damit inhaltliche Erklärungen abzugeben, die seinem eigenen rechtlichen Verständnis von der Weisungsgebundenheit des Arbeitnehmers widersprechen; dies wird auch durch die negative Meinungsfreiheit geschützt (BAG, Urteil vom 24. Oktober 2018 – 10 AZR 69/18).

5. Stützt der Kläger sein Begehren allein auf den Gleichbehandlungsgrundsatz, ist die Revision gegen die klageabweisende Berufungsurteile begründet, sofern das Berufungsgericht die gebotene Prüfung der Vergleichbarkeit der Sachlagen und einer etwaigen sachlichen Rechtfertigung für die unterschiedliche Behandlung unterlassen hat. Die Sache ist dann zur tatsächlichen Aufklärung an das Landesarbeitsgericht zurückzuverweisen."
BAG, 31.03.2021, 5 AZR 197/20;9;"Die Antwort ist materiell-rechtlich weitgehend zutreffend und entspricht im Kern der Goldantwort sowie dem BAG-Urteil 5 AZR 197/20: Sie benennt zutreffend die Anspruchsgrundlage (§ 812 Abs. 1 S. 1 Alt. 1 BGB), stellt richtig auf die (subjektiv geprägte) Fälligkeit im Sinne des § 37 TV-L ab, verortet den Fälligkeitseintritt erst mit Kenntnis der Fortsetzungserkrankung durch die Mitteilung der Krankenkasse, bejaht die Wahrung der Ausschlussfrist und verneint eine allgemeine Erkundigungsobliegenheit des Arbeitgebers; eine solche kommt nur bei konkreten Anhaltspunkten für eine Fortsetzungserkrankung in Betracht. Das deckt sich mit den vom BAG hervorgehobenen Grundsätzen (Rn. 26–29). Geringe Abstriche: Die (im Urteil ebenfalls behandelte) Nichtanwendbarkeit des § 814 BGB wegen fehlender positiver Kenntnis des Arbeitgebers bei Zahlung wird nicht ausdrücklich erwähnt. Dies betrifft jedoch einen zusätzlichen Prüfungspunkt und beeinträchtigt die Kernaussage zur Ausschlussfrist nicht.";7;55.5;59748;1605;61353;7;"[{""step"": 1, ""mode"": ""research"", ""tokens_in"": 2260, ""tokens_out"": 204, ""total_tokens"": 2464, ""estimated_cost_cents"": 0}, {""step"": 2, ""mode"": ""research"", ""tokens_in"": 6297, ""tokens_out"": 154, ""total_tokens"": 6451, ""estimated_cost_cents"": 1}, {""step"": 3, ""mode"": ""research"", ""tokens_in"": 6409, ""tokens_out"": 54, ""total_tokens"": 6463, ""estimated_cost_cents"": 1}, {""step"": 4, ""mode"": ""research"", ""tokens_in"": 6935, ""tokens_out"": 54, ""total_tokens"": 6989, ""estimated_cost_cents"": 1}, {""step"": 5, ""mode"": ""research"", ""tokens_in"": 8974, ""tokens_out"": 54, ""total_tokens"": 9028, ""estimated_cost_cents"": 1}, {""step"": 6, ""mode"": ""research"", ""tokens_in"": 12260, ""tokens_out"": 54, ""total_tokens"": 12314, ""estimated_cost_cents"": 1}, {""step"": 7, ""mode"": ""research"", ""tokens_in"": 16613, ""tokens_out"": 1031, ""total_tokens"": 17644, ""estimated_cost_cents"": 2}]";"Der geschilderte Sachverhalt entspricht dem Urteil des BAG vom 31.03.2021 – 5 AZR 197/20. Der Rückzahlungsanspruch des Arbeitgebers ist **nicht verfallen**; die Ausschlussfrist des § 37 Abs. 1 TV-L wurde gewahrt.

**Leitsatz:** Der Rückzahlungsanspruch des Arbeitgebers wegen rechtsgrundlos erbrachter Entgeltfortzahlung wird im Sinne des § 37 Abs. 1 Satz 1 TV-L erst fällig, wenn der Arbeitgeber Kenntnis von den Umständen erlangt, die den Anspruch begründen – hier: Kenntnis vom Vorliegen einer Fortsetzungserkrankung durch Mitteilung der Krankenkasse.

**Kernaussagen der Entscheidung:**

1. **Anspruchsgrundlage:** Der Arbeitgeber hat gegen die Arbeitnehmerin einen Anspruch aus § 812 Abs. 1 Satz 1 Alt. 1 BGB auf Rückzahlung der für die Zeit vom 10.04. bis 12.05.2017 als Entgeltfortzahlung geleisteten Vergütung, weil insoweit eine Fortsetzungserkrankung (§ 22 Abs. 1 Satz 2 TV-L i.V.m. § 3 Abs. 1 Satz 2 EFZG) vorlag und die Entgeltfortzahlung ohne Rechtsgrund erfolgte.

2. **Fälligkeit nicht mit Anspruchsentstehung:** Fälligkeit im Sinne tariflicher Ausschlussfristen tritt nicht stets schon mit der Entstehung des Anspruchs ein. Der Begriff der Fälligkeit ist unter Einbeziehung des Kenntnisstands des Gläubigers und subjektiver Zurechnungsgesichtspunkte interessengerecht auszulegen – der Gläubiger muss tatsächlich in der Lage sein, seinen Anspruch geltend zu machen.

3. **Kenntniserlangung durch Krankenkasse entscheidend:** Der Rückzahlungsanspruch entstand zwar mit der Auszahlung der Vergütung Ende April/Mai 2017, wurde aber erst im Oktober 2018 mit Zugang des Schreibens der Krankenkasse i.S.d. § 37 Abs. 1 Satz 1 TV-L fällig. Vorher hatte das klagende Land keine Kenntnis vom Bestehen der Fortsetzungserkrankung, da die Arbeitsunfähigkeitsbescheinigungen – wie gesetzlich vorgesehen – keine Angaben zu den Krankheitsursachen enthielten.

4. **Keine Nachfrageobliegenheit des Arbeitgebers:** Der Arbeitgeber ist nicht verpflichtet, bei dem Arbeitnehmer nachzufragen, ob eine Fortsetzungserkrankung vorliegt. Diereichsprechung zur abgestuften Darlegungs- und Beweislast im Entgeltfortzahlungsprozess begründet keine Obliegenheit des Arbeitgebers, von sich Auskünfte über das Bestehen einer Fortsetzungserkrankung einzuholen. Eine solche Nachfrageobliegenheit würde das Arbeitsverhältnis ohne triftigen Grund belasten und ist nicht interessengerecht, da der Arbeitnehmer selbst oft nicht beurteilen kann, ob die medizinischen und rechtlichen Voraussetzungen einer Fortsetzungserkrankung vorliegen. Daran hält der Senat nicht mehr fest (Abkehr von BAG 19.03.1986 – 5 AZR 86/85).

5. **Ausschlussfrist gewahrt:** Mit der Zahlungsaufforderung vom 07.12.2018 hat das klagende Land die sechsmonatige Ausschlussfrist des § 37 Abs. 1 Satz 1 TV-L rechtzeitig gewahrt, da die Fälligkeit erst im Oktober 2018 eingetreten war.

6. **Einschränkung:** Eine Erkundigungsobliegenheit des Arbeitgebers kann allenfalls in Betracht kommen, wenn er – neben dem Wissen um eine erneute Arbeitsunfähigkeit nach vorangegangener sechswöchiger Arbeitsunfähigkeit – Kenntnis von Umständen hat, die konkrete Anhaltspunkte dafür bieten, dass die neuerliche Krankheit auf denselben Krankheitsursachen beruht. Daran fehlte es hier; allein die Tatsache, dass die „Erstbescheinigung“ von der nämlichen Gemeinschaftspraxis ausgestellt wurde, begründete keine solche Obliegenheit.

**Quelle:** BAG, Urteil vom 31.03.2021 – 5 AZR 197/20"
